[{"Matricule":"19552","Prenom":"Candice","Nom":"Nicole","Email":"ut.lacus@tristiqueac.com"},{"Matricule":"19414","Prenom":"Ann","Nom":"Xena","Email":"lorem.sit@acmi.net"},{"Matricule":"19928","Prenom":"Keely","Nom":"Jeanette","Email":"ac.turpis@convallis.com"},{"Matricule":"19721","Prenom":"Ronan","Nom":"Anastasia","Email":"Nam.ac@metus.com"},{"Matricule":"19851","Prenom":"Thane","Nom":"Shelly","Email":"nec.leo.Morbi@diam.co.uk"},{"Matricule":"19563","Prenom":"Donovan","Nom":"Zane","Email":"vel@sempercursus.edu"},{"Matricule":"19956","Prenom":"Brittany","Nom":"India","Email":"dictum.sapien@purusac.ca"},{"Matricule":"19200","Prenom":"Rahim","Nom":"Martena","Email":"ut.nisi@nisi.co.uk"},{"Matricule":"19361","Prenom":"Jeremy","Nom":"Alea","Email":"eu@pretiumaliquet.co.uk"},{"Matricule":"19186","Prenom":"Kelly","Nom":"Ann","Email":"ligula@Fuscealiquet.co.uk"},{"Matricule":"19877","Prenom":"Dexter","Nom":"Galvin","Email":"eu@elitpellentesque.net"},{"Matricule":"19218","Prenom":"Hamilton","Nom":"Keith","Email":"ultrices@molestieorcitincidunt.org"},{"Matricule":"19033","Prenom":"Baxter","Nom":"Shad","Email":"non.feugiat@Classaptent.edu"},{"Matricule":"19786","Prenom":"Silas","Nom":"Flynn","Email":"enim.Etiam@faucibusMorbi.org"},{"Matricule":"19604","Prenom":"Eagan","Nom":"Kai","Email":"arcu.Curabitur.ut@mollis.co.uk"},{"Matricule":"19379","Prenom":"Helen","Nom":"Herrod","Email":"mattis@luctusCurabitur.co.uk"},{"Matricule":"19668","Prenom":"Fleur","Nom":"Imelda","Email":"ultrices@mollis.edu"},{"Matricule":"19750","Prenom":"Diana","Nom":"Jakeem","Email":"Proin@variuset.ca"},{"Matricule":"19203","Prenom":"Nicholas","Nom":"Ariel","Email":"Aliquam.gravida.mauris@Infaucibus.net"},{"Matricule":"19794","Prenom":"Sacha","Nom":"Noble","Email":"scelerisque.mollis.Phasellus@feugiat.net"},{"Matricule":"19594","Prenom":"Eagan","Nom":"Odette","Email":"Aliquam.ornare@cursus.ca"},{"Matricule":"19468","Prenom":"Leah","Nom":"Geoffrey","Email":"arcu@neque.org"},{"Matricule":"19819","Prenom":"Kareem","Nom":"Travis","Email":"in.faucibus@non.co.uk"},{"Matricule":"19307","Prenom":"Timon","Nom":"Brent","Email":"Nulla.semper.tellus@idmollisnec.ca"},{"Matricule":"19007","Prenom":"Mikayla","Nom":"Chester","Email":"Morbi.accumsan.laoreet@nislNulla.com"},{"Matricule":"19220","Prenom":"Byron","Nom":"Nathan","Email":"erat@semvitae.edu"},{"Matricule":"19285","Prenom":"Belle","Nom":"Sloane","Email":"aliquam.eu@egetipsum.co.uk"},{"Matricule":"19274","Prenom":"Lillith","Nom":"Summer","Email":"Morbi@nuncQuisqueornare.ca"},{"Matricule":"19297","Prenom":"Idona","Nom":"Ria","Email":"elit.sed.consequat@lacus.com"},{"Matricule":"19210","Prenom":"Kasper","Nom":"Sarah","Email":"ultrices.posuere@non.org"},{"Matricule":"19365","Prenom":"Larissa","Nom":"Audra","Email":"Proin.ultrices.Duis@NullamnislMaecenas.co.uk"},{"Matricule":"19808","Prenom":"Sierra","Nom":"Mason","Email":"Donec.tempus@Sed.org"},{"Matricule":"19329","Prenom":"Cynthia","Nom":"Hayden","Email":"cursus.vestibulum@fermentumconvallis.ca"},{"Matricule":"19824","Prenom":"Kylynn","Nom":"Todd","Email":"sit.amet@nulla.ca"},{"Matricule":"19230","Prenom":"Paul","Nom":"Keane","Email":"eget.lacus@fermentum.co.uk"},{"Matricule":"19957","Prenom":"Vladimir","Nom":"Quinn","Email":"lacus.Mauris.non@tinciduntDonecvitae.ca"},{"Matricule":"19382","Prenom":"Dexter","Nom":"Wang","Email":"elit@eleifend.com"},{"Matricule":"19408","Prenom":"Sharon","Nom":"Diana","Email":"libero.nec@vulputatedui.co.uk"},{"Matricule":"19998","Prenom":"Lars","Nom":"Malik","Email":"sit@in.co.uk"},{"Matricule":"19995","Prenom":"Elijah","Nom":"Jeremy","Email":"lectus.rutrum.urna@vitaepurus.org"},{"Matricule":"19982","Prenom":"Lev","Nom":"Rahim","Email":"neque@liberoMorbi.ca"},{"Matricule":"19633","Prenom":"Henry","Nom":"Bianca","Email":"ridiculus@arcu.org"},{"Matricule":"19551","Prenom":"Caesar","Nom":"Chaim","Email":"est.ac.mattis@urnaNuncquis.com"},{"Matricule":"19047","Prenom":"Lucas","Nom":"Nola","Email":"sollicitudin@aauctornon.org"},{"Matricule":"19736","Prenom":"Magee","Nom":"Colorado","Email":"ornare.facilisis@orci.ca"},{"Matricule":"19913","Prenom":"Tamara","Nom":"Dane","Email":"id.enim.Curabitur@ametornare.com"},{"Matricule":"19924","Prenom":"Kareem","Nom":"Thomas","Email":"adipiscing@ProinmiAliquam.org"},{"Matricule":"19119","Prenom":"Erasmus","Nom":"Josephine","Email":"amet.risus@pretiumet.com"},{"Matricule":"19858","Prenom":"Hadley","Nom":"Nathaniel","Email":"placerat.Cras.dictum@elit.ca"},{"Matricule":"19599","Prenom":"Moana","Nom":"Joshua","Email":"consectetuer.cursus@risusvarius.edu"},{"Matricule":"19068","Prenom":"Wade","Nom":"Germaine","Email":"quis.turpis.vitae@dapibusidblandit.co.uk"},{"Matricule":"19609","Prenom":"Colorado","Nom":"Ronan","Email":"ullamcorper.eu@nislsemconsequat.net"},{"Matricule":"19801","Prenom":"Arthur","Nom":"Ulric","Email":"convallis.est@Morbi.org"},{"Matricule":"19971","Prenom":"Hamish","Nom":"Brittany","Email":"turpis.nec@eget.edu"},{"Matricule":"19437","Prenom":"Iona","Nom":"Kevin","Email":"arcu.et.pede@orci.co.uk"},{"Matricule":"19512","Prenom":"Cecilia","Nom":"Beck","Email":"adipiscing@loremauctor.co.uk"},{"Matricule":"19683","Prenom":"Hamish","Nom":"Keely","Email":"Donec@parturient.ca"},{"Matricule":"19467","Prenom":"Craig","Nom":"Dolan","Email":"vehicula.aliquet.libero@est.ca"},{"Matricule":"19165","Prenom":"Sloane","Nom":"Xanthus","Email":"scelerisque.neque.Nullam@ametluctusvulputate.com"},{"Matricule":"19937","Prenom":"Marsden","Nom":"Xena","Email":"metus.urna.convallis@luctuset.com"},{"Matricule":"19736","Prenom":"Chastity","Nom":"Slade","Email":"diam.Proin@Proinnisl.edu"},{"Matricule":"19580","Prenom":"Megan","Nom":"Hollee","Email":"Suspendisse.sed@neque.com"},{"Matricule":"19494","Prenom":"Illiana","Nom":"Whitney","Email":"non.enim@nisl.ca"},{"Matricule":"19051","Prenom":"Jasmine","Nom":"Jade","Email":"neque@odiosagittis.edu"},{"Matricule":"19106","Prenom":"Sean","Nom":"Lacey","Email":"sodales@luctusfelispurus.com"},{"Matricule":"19328","Prenom":"Ralph","Nom":"Sawyer","Email":"rutrum@enim.edu"},{"Matricule":"19494","Prenom":"Kennan","Nom":"Britanni","Email":"faucibus@orcilacusvestibulum.org"},{"Matricule":"19275","Prenom":"Deanna","Nom":"Linus","Email":"est.mollis@vulputate.co.uk"},{"Matricule":"19963","Prenom":"Rogan","Nom":"Hasad","Email":"libero@atpede.co.uk"},{"Matricule":"19606","Prenom":"Joel","Nom":"Brynn","Email":"id.sapien.Cras@nequeMorbi.ca"},{"Matricule":"19884","Prenom":"Hammett","Nom":"Darius","Email":"nulla.Integer.vulputate@iaculisaliquet.com"},{"Matricule":"19569","Prenom":"Nero","Nom":"Brenden","Email":"Suspendisse.aliquet@urna.net"},{"Matricule":"19400","Prenom":"Leroy","Nom":"Phelan","Email":"congue.elit@mollisIntegertincidunt.edu"},{"Matricule":"19410","Prenom":"Justin","Nom":"Ferris","Email":"In@sed.net"},{"Matricule":"19104","Prenom":"Kelsie","Nom":"Suki","Email":"eu.nulla@rhoncusid.co.uk"},{"Matricule":"19210","Prenom":"Clarke","Nom":"Holly","Email":"porttitor@Sed.org"},{"Matricule":"19648","Prenom":"Avram","Nom":"Tarik","Email":"tempus.lorem.fringilla@dui.net"},{"Matricule":"19109","Prenom":"Timon","Nom":"Jerome","Email":"Maecenas@liberoProinmi.edu"},{"Matricule":"19510","Prenom":"Tana","Nom":"Kaden","Email":"ligula.consectetuer@lorem.com"},{"Matricule":"19319","Prenom":"Guinevere","Nom":"Violet","Email":"dignissim.magna@Proinnonmassa.org"},{"Matricule":"19041","Prenom":"Malcolm","Nom":"Donovan","Email":"nec.metus.facilisis@duinectempus.ca"},{"Matricule":"19916","Prenom":"Clayton","Nom":"Serena","Email":"elit.pede@Nullaeu.edu"},{"Matricule":"19135","Prenom":"Ruth","Nom":"Hope","Email":"dui.augue@egetmagna.edu"},{"Matricule":"19341","Prenom":"Debra","Nom":"Lila","Email":"posuere@nonmagnaNam.com"},{"Matricule":"19661","Prenom":"Aphrodite","Nom":"Gage","Email":"at@interdum.org"},{"Matricule":"19547","Prenom":"Tobias","Nom":"Belle","Email":"consectetuer.euismod@nequepellentesquemassa.org"},{"Matricule":"19916","Prenom":"Wylie","Nom":"Tatyana","Email":"libero.Proin.mi@Suspendissecommodo.edu"},{"Matricule":"19351","Prenom":"Meghan","Nom":"Sasha","Email":"tortor.Integer@intempus.org"},{"Matricule":"19268","Prenom":"Macaulay","Nom":"Haviva","Email":"est.arcu.ac@Morbiaccumsan.org"},{"Matricule":"19862","Prenom":"Caldwell","Nom":"Amos","Email":"fringilla.purus.mauris@bibendumsed.com"},{"Matricule":"19644","Prenom":"Wyoming","Nom":"Orli","Email":"per@Pellentesque.co.uk"},{"Matricule":"19957","Prenom":"Chancellor","Nom":"Simon","Email":"quis@Crasloremlorem.ca"},{"Matricule":"19379","Prenom":"Chaim","Nom":"Rajah","Email":"iaculis.enim.sit@hymenaeos.co.uk"},{"Matricule":"19795","Prenom":"Halla","Nom":"Yasir","Email":"sit.amet.ante@risusDonecegestas.net"},{"Matricule":"19099","Prenom":"Rogan","Nom":"Arden","Email":"pede.Cras.vulputate@orci.ca"},{"Matricule":"19816","Prenom":"Heidi","Nom":"Jermaine","Email":"varius@utlacus.net"},{"Matricule":"19283","Prenom":"Brandon","Nom":"Geoffrey","Email":"Suspendisse.aliquet.molestie@eudoloregestas.ca"},{"Matricule":"19369","Prenom":"Alma","Nom":"Thomas","Email":"tempor.est.ac@amet.org"},{"Matricule":"19488","Prenom":"Dorothy","Nom":"Madonna","Email":"Pellentesque.habitant@enim.ca"},{"Matricule":"19604","Prenom":"Zachary","Nom":"Debra","Email":"dignissim.tempor@sitamet.org"}]