[{"Nom":"Robo Rally","MinimumJoueurs":2,"MaximumJoueurs":6,"MinimumAge":12,"MaximumAge":99,"LstCategorie":[{"Nom":"Course"},{"Nom":"Stratégie"},{"Nom":"Actions simultanées"},{"Nom":"Mouvement sur grille"},{"Nom":"Modulaire"}]},{"Nom":"Carcassonne","MinimumJoueurs":2,"MaximumJoueurs":5,"MinimumAge":8,"MaximumAge":99,"LstCategorie":[{"Nom":"Placement de tuile"},{"Nom":"Construction d'environnement"},{"Nom":"Contrôle et influence de zone"}]},{"Nom":"Camel Up","MinimumJoueurs":2,"MaximumJoueurs":8,"MinimumAge":8,"MaximumAge":99,"LstCategorie":[{"Nom":"Pari"},{"Nom":"Course"},{"Nom":"Hasard (dé)"}]},{"Nom":"Pandémie","MinimumJoueurs":2,"MaximumJoueurs":4,"MinimumAge":8,"MaximumAge":99,"LstCategorie":[{"Nom":"Points d'action"},{"Nom":"Coopératif"},{"Nom":"Gestion de main (cartes)"}]},{"Nom":"Bataille navale","MinimumJoueurs":2,"MaximumJoueurs":2,"MinimumAge":8,"MaximumAge":99,"LstCategorie":[{"Nom":"Guerre"},{"Nom":"Déduction"},{"Nom":"Déploiement secret"}]},{"Nom":"Risk","MinimumJoueurs":2,"MaximumJoueurs":6,"MinimumAge":10,"MaximumAge":99,"LstCategorie":[{"Nom":"Guerre"},{"Nom":"Hasard (dé)"},{"Nom":"Élimination de joueurs"},{"Nom":"Développement de territoire"},{"Nom":"Contrôle et influence de zone"}]},{"Nom":"Monopoly","MinimumJoueurs":2,"MaximumJoueurs":8,"MinimumAge":8,"MaximumAge":99,"LstCategorie":[{"Nom":"Économie"},{"Nom":"Négociation"},{"Nom":"Élimination de joueurs"},{"Nom":"Hasard (dé)"}]},{"Nom":"Cribble","MinimumJoueurs":2,"MaximumJoueurs":4,"MinimumAge":10,"MaximumAge":99,"LstCategorie":[{"Nom":"Gestion de main (cartes)"},{"Nom":"Jeu de cartes"}]}]
