[{"Nom":"Guerre"},{"Nom":"Course"},{"Nom":"Économie"},{"Nom":"Déduction"},{"Nom":"Modulaire"},{"Nom":"Stratégie"},{"Nom":"Coopératif"},{"Nom":"Négociation"},{"Nom":"Hasard (dé)"},{"Nom":"Jeu de cartes"},{"Nom":"Points d'action"},{"Nom":"Placement de tuile"},{"Nom":"Déploiement secret"},{"Nom":"Actions simultanées"},{"Nom":"Mouvement sur grille"},{"Nom":"Élimination de joueurs"},{"Nom":"Gestion de main (cartes)"},{"Nom":"Développement de territoire"},{"Nom":"Construction d'environnement"},{"Nom":"Contrôle et influence de zone"}]
